#,Category,Product Name,Sale Price ($),Regular Price ($),Discount ($),Discount (%),Stock Status,Product URL,Full Description
1,Front Bumper,2019-2025 Ram 2500 3500 Factory Front Bumper OEM Granite Crystal w/ Sensor Holes,1049.99,1100.0,50.01,4.5%,In Stock (1),https://texastruckparts.shop/product/2019-2025-ram-2500-3500-factory-front-bumper-oem-granite-crystal-w-sensor-holes/,"Genuine OEM take-off front bumper in Granite Crystal for 2019–2025 Ram 2500/3500 trucks. Carefully removed from a low-mileage vehicle and inspected by our team. Includes factory parking sensor holes for seamless sensor integration. Direct-fit, bolt-on installation using existing frame brackets — typically 1–2 hours with standard tools. OEM take-offs cost 40–60% less than dealership pricing with the same factory reliability. Ships free to commercial addresses from Sugar Land, TX. Financing available via Snap, Acima, and Progressive. VIN verification offered before purchase."
2,Front Bumper,2024-2026 GMC Sierra 2500 3500 Factory Abalone White Front Bumper Fog Light OEM,949.99,1000.0,50.01,5.0%,Out of Stock,https://texastruckparts.shop/product/2024-2026-gmc-sierra-2500-3500-factory-abalone-white-front-bumper-fog-light-oem/,"Genuine OEM take-off front bumper in Abalone White for 2024–2026 GMC Sierra 2500/3500. Removed from a low-mileage truck with paint protection film (PPF) applied — any visible flaws are on the film, not the painted surface. Includes mounting brackets, energy absorbers, fog light cutouts, and factory sensor mounting points. Direct-fit, bolt-on installation. Approx. 40–60% savings vs. dealer pricing. Ships within 1–2 business days from Sugar Land, TX via freight carrier. Financing options available."
3,Front Bumper,2023-2026 Ford Ranger Raptor Factory Front Bumper w/ Skid Plate & Fog Lights OEM,1199.99,1300.0,100.01,7.7%,Out of Stock,https://texastruckparts.shop/product/2023-2026-ford-ranger-raptor-factory-front-bumper-w-skid-plate-fog-lights-oem/,"Genuine OEM take-off front bumper for 2023–2026 Ford Ranger Raptor, including skid plate and factory fog lights. Removed from a low-mileage truck — what you see in photos is exactly what you receive. Existing fog lights and parking sensors transfer directly. Direct-fit, bolt-on installation in 1–2 hours with standard tools. Ships from Sugar Land, TX within 1–2 business days via LTL freight. Financing and local pickup available. VIN verification recommended before purchase."
4,Front Bumper,2010-2018 Ram HD 2500 3500 Chrome Front Bumper OEM Take Off Mopar,699.99,800.0,100.01,12.5%,Out of Stock,https://texastruckparts.shop/product/2010-2018-ram-hd-2500-3500-chrome-front-bumper-oem-take-off-mopar/,"Genuine OEM Mopar chrome front bumper for 2010–2018 Ram 2500/3500 HD trucks. Factory chrome finish in excellent condition. Removed from a low-mileage vehicle and carefully inspected. Includes mounting brackets and hardware for direct bolt-on installation — approx. 1–2 hours with standard tools. OEM take-offs offer 40–60% savings vs. new dealership parts with identical reliability and longevity. Ships from Sugar Land, TX. Financing available through multiple providers."
5,Front Bumper,2023-2026 Ford F250 F350 Super Duty Oxford White Front Bumper Fog Light Hole OEM,799.99,900.0,100.01,11.1%,Out of Stock,https://texastruckparts.shop/product/2023-2026-ford-f250-f350-super-duty-oxford-white-front-bumper-fog-light-hole-oem/,"Genuine OEM take-off front bumper in Oxford White for 2023–2026 Ford F250/F350 Super Duty. Carefully removed and inspected from a low-mileage truck. Features fog light cutouts; existing fog lights and sensors transfer directly. Direct-fit, bolt-on installation in 1–2 hours. Approx. 40–60% savings vs. dealer pricing with factory-grade quality and materials. Ships within 1–2 business days from Sugar Land, TX via freight carrier. Financing through Snap Finance, Progressive Leasing, and Acima."
6,Front Bumper,2023-2026 Ford F250 F350 Super Duty Star White Front Bumper w/ Fog Lights Sensor,1049.99,1100.0,50.01,4.5%,In Stock (1),https://texastruckparts.shop/product/2023-2026-ford-f250-f350-super-duty-star-white-front-bumper-w-fog-lights-sensor/,"Genuine OEM take-off front bumper in Star White for 2023–2026 Ford F250/F350 Super Duty. Fog lights included with direct bolt-on compatibility — no modifications needed. Removed from a low-mileage vehicle and inspected by our team. Factory wiring harness included. Bolt-on installation using existing frame brackets. Saves 40–60% vs. dealer pricing. Ships within 1–2 business days from Sugar Land, TX. Financing available; local pickup welcome."
7,Front Bumper,2023-2026 Ford F250 F350 Factory Front Chrome Bumper Fog Light Slot Sensor Holes (v2),749.99,800.0,50.01,6.3%,Out of Stock,https://texastruckparts.shop/product/2023-2026-ford-f250-f350-factory-front-chrome-bumper-fog-light-slot-sensor-holes-2/,"Genuine OEM take-off chrome front bumper for 2023–2026 Ford F250/F350. Factory chrome finish in excellent condition. Includes fog light slots and parking sensor holes for factory sensor integration. Carefully removed and inspected from a low-mileage truck. Direct-fit, bolt-on installation — 1–2 hours with standard hand tools. Existing fog lights and sensors transfer directly. Ships from Sugar Land, TX. Flexible financing available."
8,Front Bumper,2023-2026 Ford F250 F350 Factory Front Chrome Bumper Fog Light Slot Sensor Holes,749.99,800.0,50.01,6.3%,In Stock (1),https://texastruckparts.shop/product/2023-2026-ford-f250-f350-factory-front-chrome-bumper-fog-light-slot-sensor-holes/,"Genuine OEM take-off chrome front bumper for 2023–2026 Ford F250/F350. Factory chrome finish in excellent condition with fog light slots and parking sensor holes. Carefully removed and inspected from a low-mileage truck. Direct-fit, bolt-on installation using existing frame brackets in 1–2 hours. Existing fog lights and sensors transfer directly. Saves 40–60% vs. dealership pricing. Ships from Sugar Land, TX within 1–2 business days. Financing and local pickup available."
9,Front Bumper,2024-2026 Chevy Silverado 2500 3500 Black Front Bumper Fog Light & Sensor Holes,999.99,1050.0,50.01,4.8%,Out of Stock,https://texastruckparts.shop/product/2024-2026-chevy-silverado-2500-3500-black-front-bumper-fog-light-sensor-holes/,"Genuine OEM take-off front bumper in black for 2024–2026 Chevy Silverado 2500/3500. Removed from a low-mileage vehicle and inspected by our team. Features parking sensor holes compatible with factory sensor setups and fog light cutouts. Direct-fit, bolt-on installation in 1–2 hours with standard tools. OEM take-off quality at 40–60% below dealer pricing. Ships from Sugar Land, TX within 1–2 business days via freight carrier. Financing available."
10,Front Bumper,2024-2026 Chevy Silverado 2500 3500 Black Front Bumper w/ LED Fog Light & Sensor Holes,1099.99,1150.0,50.01,4.3%,Out of Stock,https://texastruckparts.shop/product/2024-2026-chevy-silverado-2500-3500-black-front-bumper-led-fog-light-sensor/,"Genuine OEM take-off black front bumper for 2024–2026 Chevy Silverado 2500/3500. Removed from a low-mileage truck and carefully inspected. Includes LED fog light cutouts and factory parking sensor holes. Bolt-on process using existing frame brackets; installation typically 1–2 hours with standard hand tools. VIN verification available to confirm fitment. Ships from Sugar Land, TX within 1–2 business days via freight carrier. Financing through Snap Finance, Progressive Leasing, and Acima."
11,Front Bumper,2023-2026 Ford F250 F350 Factory Front Chrome Bumper Fog Light Slot Super Duty,699.99,750.0,50.01,6.7%,Out of Stock,https://texastruckparts.shop/product/2023-2026-ford-f250-f350-factory-front-chrome-bumper-fog-light-slot-super-duty/,"Genuine OEM take-off chrome front bumper for 2023–2026 Ford F250/F350 Super Duty. Factory chrome finish in excellent condition with integrated fog light slots. Removed from a low-mileage truck; SKU 23FFC2. Direct bolt-on installation using existing truck frame brackets in 1–2 hours with standard tools. Saves 40–60% vs. new dealership pricing with same reliability and longevity. Ships from Sugar Land, TX within 1–2 business days. Contact (832) 706-8091 for VIN verification."
12,Front Bumper,2023-2026 Ford F250 F350 Factory Front Chrome Bumper Fog Light Slot,699.99,750.0,50.01,6.7%,Out of Stock,https://texastruckparts.shop/product/2023-2026-ford-f250-f350-factory-front-chrome-bumper-fog-light-slot/,"Genuine OEM take-off chrome front bumper for 2023–2026 Ford F250/F350; SKU 23FFC1. Factory chrome finish in excellent condition with integrated fog light slot. Carefully removed and inspected — no painting required. Bolt-on process using existing frame brackets; 1–2 hours with standard tools. Fog lights and sensors transfer directly if equipped. Saves 40–60% vs. dealer pricing. Ships from Sugar Land, TX within 1–2 business days. Financing available through Snap Finance, Progressive Leasing, and Acima."
13,Rear Bumper,2020-2026 Chevy Silverado GMC 2500 3500 Sterling Silver Rear Bumper Sensor Holes,699.99,750.0,50.01,6.7%,In Stock (1),https://texastruckparts.shop/product/2020-2026-chevy-silverado-gmc-2500-3500-sterling-silver-rear-bumper-sensor-holes/,"Genuine OEM take-off rear bumper in Sterling Silver for 2020–2026 Chevy Silverado and GMC Sierra 2500/3500 HD. GM uses the same rear bumper across Silverado and Sierra HD lines, so this is cross-compatible. Features integrated parking sensor holes for factory sensor compatibility. Removed from a low-mileage vehicle; what you see in photos is what you receive. Direct-fit, bolt-on component. Ships from Sugar Land, TX within 1–2 business days. One unit in stock. Financing available."
14,Rear Bumper,2023-2026 Ford F250 F350 Factory Painted Rear Bumper Star White Sensor Hole OEM,699.99,750.0,50.01,6.7%,Out of Stock,https://texastruckparts.shop/product/2023-2026-ford-f250-f350-factory-painted-rear-bumper-star-white-sensor-hole-oem/,"Genuine OEM take-off rear bumper in Star White (painted) for 2023–2026 Ford F250/F350/F450. Removed from a low-mileage vehicle and inspected. Includes factory parking sensor holes for seamless sensor integration. Direct bolt-on installation using existing frame brackets in 1–2 hours. Please refer to photos for exact condition. Saves 40–60% vs. dealer pricing. Ships from Sugar Land, TX within 1–2 business days via freight carrier. Financing available."
15,Rear Bumper,2020-2026 Chevy Silverado GMC 2500 3500 Abalone White Rear Bumper w/ Sensor,649.99,700.0,50.01,7.1%,Out of Stock,https://texastruckparts.shop/product/2020-2026-chevy-silverado-gmc-2500-3500-abalone-white-rear-bumper-w-sensor/,"Genuine OEM take-off rear bumper in Abalone White for 2020–2026 Chevy Silverado/GMC Sierra 2500/3500; SKU 20GMAW2. Removed from a low-mileage vehicle and carefully inspected. GM uses the same rear bumper across both Sierra and Silverado HD lines. Direct bolt-on installation — no modifications needed. Includes sensor holes for factory parking sensor compatibility. Saves 40–60% vs. dealership pricing. Ships from Sugar Land, TX. Financing available."
16,Rear Bumper,2023-2026 Ford F250 F350 F450 Factory Painted Rear Bumper Stone Grey Sensor Hole OEM,699.99,800.0,100.01,12.5%,Out of Stock,https://texastruckparts.shop/product/2023-2026-ford-f250-f350-factory-painted-rear-bumper-stone-grey-sensor-hole-oem/,"Genuine OEM take-off rear bumper in Stone Grey (painted) for 2023–2026 Ford F250/F350/F450; SKU 23FSGS1. Removed from a low-mileage truck and carefully inspected. Includes parking sensor holes for factory sensor setup. Direct-fit, bolt-on installation in 1–2 hours using standard tools. Please refer to photos for exact condition — what you see is what you receive. Ships from Sugar Land, TX within 1–2 business days via freight carrier. Financing available."
17,Rear Bumper,2023-2026 Ford F250 F350 F450 Factory Painted Rear Bumper Ruby Red w/ Sensor Hole OEM,699.99,750.0,50.01,6.7%,Out of Stock,https://texastruckparts.shop/product/2023-2026-ford-f250-f350-factory-painted-rear-bumper-ruby-red-w-sensor-hole-oem/,"Genuine OEM take-off rear bumper in Ruby Red (painted) for 2023–2026 Ford F250/F350/F450; SKU 24FRRS1. Removed from a low-mileage vehicle and inspected. Features factory parking sensor holes and accommodates factory sensor setups. Direct bolt-on installation using existing frame brackets in 1–2 hours. Do not expect a brand-new item — expect a genuine OEM part in the condition shown. Ships from Sugar Land, TX within 1–2 business days. Financing available."
18,Rear Bumper,2020-2026 GMC Chevy 2500 3500 Factory Rear Bumper Abalone White w/ Sensor OEM,649.99,700.0,50.01,7.1%,In Stock (1),https://texastruckparts.shop/product/2020-2026-gmc-chevy-2500-3500-factory-rear-bumper-abalone-white-w-sensor-oem/,"Genuine OEM take-off rear bumper in Abalone White with sensor provisions for 2020–2026 Chevy Silverado/GMC Sierra 2500/3500. Cross-compatible between both brands as GM uses identical rear bumpers across Sierra and Silverado HD lines. Includes sensor holes for factory parking sensor compatibility and all mounting brackets and hardware. Meets federal crash safety standards. Direct-fit, bolt-on installation. Free commercial shipping from Sugar Land, TX. Local pickup available. Financing available."
19,Rear Bumper,2019-2026 Ram 2500 3500 4500 Factory Rear Bumper OEM Billet Silver w/ Sensors,599.99,650.0,50.01,7.7%,Out of Stock,https://texastruckparts.shop/product/2019-2026-ram-2500-3500-4500-factory-rear-bumper-oem-billet-silver-w-sensors/,"Genuine OEM take-off rear bumper in Billet Silver for 2019–2026 Ram 2500/3500/4500; SKU 19RAMRSS. Removed from a low-mileage truck and carefully inspected by our team. Direct bolt-on installation with manufacturer specifications. VIN verification and fitment assistance available. Installation typically 1–2 hours with standard tools. Saves 40–60% vs. dealer pricing with factory-grade quality and reliability. Ships from Sugar Land, TX. Financing available through multiple providers."
20,Rear Bumper,2023-2026 Ford F250 F350 F450 Factory Painted Rear Bumper Darkened Bronze Sensor Hole,699.99,750.0,50.01,6.7%,Out of Stock,https://texastruckparts.shop/product/2023-2026-ford-f250-f350-factory-painted-rear-bumper-darkened-bronze-sensor-hole/,"Genuine OEM take-off rear bumper in Darkened Bronze (painted) for 2023–2026 Ford F250/F350/F450. Removed from a low-mileage truck and carefully inspected. Includes parking sensor holes for factory sensor compatibility. Direct-fit, bolt-on installation in 1–2 hours using standard tools; existing fog lights and sensors transfer directly to compatible cutouts. Photos show exact condition. Ships from Sugar Land, TX within 1–2 business days via freight carrier. Flexible financing available."
21,Rear Bumper,2020-2026 GMC Chevy 2500 3500 Factory Rear Bumper Black No Sensors OEM,699.99,800.0,100.01,12.5%,In Stock (1),https://texastruckparts.shop/product/2020-2026-gmc-chevy-2500-3500-factory-rear-bumper-black-no-sensors-oem/,"Genuine OEM take-off rear bumper in black for 2020–2026 Chevy Silverado/GMC Sierra 2500/3500. No parking sensor holes — offers a clean, simple look. Removed from a low-mileage truck and carefully inspected by our team. Compatible across Chevy and GMC HD truck lines. Includes mounting brackets, energy absorbers, and all attachment hardware. Direct bolt-on installation using existing frame brackets. Ships free to commercial addresses from Sugar Land, TX. Local pickup available. VIN verification: (832) 706-8091."
22,Rear Bumper,2020-2026 GMC Chevy 2500 3500 Factory Chrome Rear Bumper w/ Sensor Hole OEM,599.99,650.0,50.01,7.7%,In Stock (1),https://texastruckparts.shop/product/2020-2026-gmc-chevy-2500-3500-factory-chrome-rear-bumper-w-sensor-hole-oem/,"Genuine OEM take-off chrome rear bumper for 2020–2026 Chevy Silverado/GMC Sierra 2500/3500. Factory chrome finish in excellent condition. Includes parking sensor holes for factory sensor compatibility. Compatible across both Chevy and GMC HD models — GM uses identical rear bumpers for both lines. Direct bolt-on installation. Saves 40–60% vs. dealer pricing. Free commercial shipping from Sugar Land, TX. Local pickup available. Financing through Snap Finance, Progressive Leasing, and Acima."
23,Rear Bumper,2019-2026 Ram 2500 3500 4500 Factory Chrome Rear Bumper w/ Sensor Holes,549.99,600.0,50.01,8.3%,In Stock (10),https://texastruckparts.shop/product/2019-2026-ram-2500-3500-4500-factory-chrome-rear-bumper-w-sensor-holes-6/,"Genuine OEM take-off chrome rear bumper for 2019–2026 Ram 2500/3500/4500; SKU 25RCS7. Factory chrome finish in excellent condition. Features factory sensor holes for parking sensor integration. 10 units in stock. Direct-fit, bolt-on installation compatible with Ram factory mounting brackets. Parking sensors transfer from existing setup. Standard tools and floor jack; typically 1–2 hours. Free commercial shipping from Sugar Land, TX. Financing available — no credit check required."
24,Rear Bumper,2023-2026 Ford F250 F350 F450 Factory Chrome Rear Bumper No Sensors OEM Take Off,549.99,650.0,100.01,15.4%,In Stock (20),https://texastruckparts.shop/product/2023-2026-ford-f250-f350-factory-chrome-rear-bumper-no-sensors-oem-take-off/,"Genuine OEM take-off chrome rear bumper for 2023–2026 Ford F250/F350/F450. No sensors included — clean chrome look. Factory chrome finish in excellent condition. 20 units in stock; individual units may have slight variations. Direct bolt-on installation using existing frame brackets in 1–2 hours with standard hand tools. No painting required. Saves 40–60% vs. dealer pricing. Free commercial shipping from Sugar Land, TX. Financing available through multiple providers. VIN verification: (832) 706-8091."
25,Truck Bed,2020-2022 Ford F250 F350 Short Bed 6.75ft SRW Iconic Silver OEM Take Off,3499.99,3700.0,200.01,5.4%,Out of Stock,https://texastruckparts.shop/product/2020-2022-ford-f250-f350-short-bed-6-75ft-srw-iconic-silver-oem-take-off/,"Genuine OEM take-off short bed (6.5 ft / SRW) in Iconic Silver for 2020–2022 Ford F250/F350. Includes spray-in liner. This color was made specific to 2020–2022 model years but will also fit 2017–2019. Removed from a low-mileage vehicle and carefully inspected. Complete steel assembly including floor, walls, wheel wells, taillight cutouts, and all mounting hardware. Direct bolt-on installation to compatible frames. Professional installation recommended. Ships from Sugar Land, TX within 1–2 business days via freight carrier. Financing available."
26,Truck Bed,2017-2019 Ford F250 F350 Short Bed 6.75ft SRW Platinum White OEM,3499.99,3700.0,200.01,5.4%,In Stock (1),https://texastruckparts.shop/product/2017-2019-ford-f250-f350-short-bed-6-75ft-srw-platinum-white-oem/,"Genuine OEM take-off short bed (6.5 ft / SRW) in Platinum White for 2017–2019 Ford F250/F350 Platinum trim. Removed from a low-mileage truck and carefully inspected. Factory-stamped steel assembly with complete mounting hardware including floor, walls, wheel wells, and taillight cutouts. Designed for factory mounting locations. Do not expect a brand-new item — expect a genuine OEM part in the condition shown. Professional installation recommended. Free commercial shipping from Sugar Land, TX. Financing through Snap Finance, Progressive Leasing, and Acima."
27,Truck Bed,2023-2026 Ford F350 F450 Platinum Dually Bed 8ft DRW Oxford White OEM,2899.99,3000.0,100.01,3.3%,In Stock (1),https://texastruckparts.shop/product/2023-2026-ford-f350-f450-platinum-dually-bed-8ft-drw-oxford-white-oem/,"Genuine OEM take-off 8 ft dually long bed (DRW) in Oxford White for 2023–2026 Ford F350/F450 Platinum. Includes spray-in bed liner and 5th-wheel cut-outs. Removed from a low-mileage truck and carefully inspected. Direct-fit, bolt-on installation for the specified year range and trim level. Please refer to photos for exact condition — what you see is what you receive. Ships from Sugar Land, TX within 1–2 business days via freight. VIN verification available. Financing through Snap, Acima, and Progressive Leasing."
28,Truck Bed,2020-2026 Chevy Silverado 3500HD Dually Bed 8ft DRW Summit White OEM (v2),3499.99,3650.0,150.01,4.1%,Out of Stock,https://texastruckparts.shop/product/2020-2026-chevy-silverado-3500hd-dually-bed-8ft-drw-summit-white-oem-2/,"Genuine OEM take-off 8 ft dually long bed (DRW) in Summit White for 2020–2026 Chevy Silverado 3500HD; SKU CD12. Removed from a low-mileage vehicle and carefully inspected by our team. Please refer to photos for exact condition — expect an original factory component, not new merchandise. Direct-fit, bolt-on installation. VIN verification and fitment assistance available. OEM take-offs cost 40–60% less than dealer pricing with the same engineering, materials, and fit. Ships from Sugar Land, TX. Financing available."
29,Truck Bed,2019-2026 Ram 2500 3500 Short Bed 6.4ft SRW Bright White OEM Take Off,3799.99,4000.0,200.01,5.0%,In Stock (1),https://texastruckparts.shop/product/2019-2026-ram-2500-3500-short-bed-6-4ft-srw-bright-white-oem-take-off-2/,"Genuine OEM take-off short bed (6.4 ft / SRW) in Bright White for 2019–2026 Ram 2500/3500. Removed from a low-mileage truck and carefully inspected. Direct-fit, bolt-on installation designed for 2019–2026 Ram 2500/3500 with SRW configuration — note that SRW and DRW beds are not interchangeable. Photos document exact condition. Professional installation recommended. Free commercial shipping from Sugar Land, TX. Local pickup available. Financing through Snap Finance, Progressive Leasing, and Acima."
30,Truck Bed,2023-2026 Ford F250 F350 SHORT Bed 6FT 9IN SRW Marsh Grey Take Off,4099.99,4200.0,100.01,2.4%,Out of Stock,https://texastruckparts.shop/product/2023-2026-ford-f250-f350-short-bed-6ft-9in-srw-marsh-grey-take-off/,"Genuine OEM take-off short bed (6 ft 9 in / SRW) in Marsh Grey for 2023–2026 Ford F250/F350. Removed from a low-mileage truck and carefully inspected. Direct-fit, bolt-on installation for specified model years. SRW and DRW beds are not interchangeable — confirm bed length and wheel configuration before purchase. Refer to photos for actual field condition rather than factory-new appearance. Ships from Sugar Land, TX within 1–2 business days via freight carrier. Financing available through multiple providers."
31,Truck Bed,2020-2026 Chevy Silverado 3500HD Dually Bed 8ft DRW Summit White OEM,3399.99,3650.0,250.01,6.8%,In Stock (1),https://texastruckparts.shop/product/2020-2026-chevy-silverado-3500hd-dually-bed-8ft-drw-summit-white-oem/,"Genuine OEM take-off 8 ft dually long bed (DRW) in Summit White for 2020–2026 Chevy Silverado 3500HD. Removed from a low-mileage vehicle and inspected. Direct-fit installation with bolt-on mounting. Fitment verification available via VIN confirmation by contacting our team. Free commercial shipping from Sugar Land, TX (13618 Florence Rd). Local pickup option available. Financing options through Snap, Acima, and Progressive Leasing with 1–2 business day processing."
32,Truck Bed,2017-2022 Ford F350 F450 Dually Bed 8 FT OEM Oxford White Bed Only OEM DRW,2699.99,3000.0,300.01,10.0%,Out of Stock,https://texastruckparts.shop/product/2017-2022-ford-f350-f450-dually-bed-8-ft-oem-oxford-white-bed-only-oem-drw/,"Genuine OEM take-off 8 ft dually long bed (DRW) in Oxford White for 2017–2022 Ford F350/F450; SKU 116862. Removed from a low-mileage vehicle and carefully inspected. Complete steel assembly including flooring, walls, wheel wells, taillight cutouts, and factory mounting points. Compatible exclusively with DRW configurations — SRW and dually beds use different mounting points. Direct bolt-on installation; professional removal of original bed and disconnection of wiring/fuel components required. VIN verification available. Financing through multiple providers."
33,Truck Bed,2023-2026 Ford F350 F450 Lariat Dually Bed 8ft DRW Carbonized Grey M7 OEM,2400.0,2500.0,100.0,4.0%,Out of Stock,https://texastruckparts.shop/product/2023-2026-ford-f350-f450-lariat-dually-bed-8ft-drw-carbonized-grey-m7-oem/,"Genuine OEM take-off 8 ft dually long bed (DRW) in Carbonized Grey for 2023–2026 Ford F350/F450 Lariat; SKU 003117. Removed from a low-mileage vehicle and carefully inspected. SRW and DRW beds are not interchangeable, nor are short and long beds. Direct-fit, bolt-on installation. Saves 40–60% vs. dealership pricing. Photos document exact condition — what you see is what you receive. Ships from Sugar Land, TX within 1–2 business days via freight carrier. Financing available through multiple providers."
34,Truck Bed,2020-2026 Chevy Silverado 2500 3500 HD Hunter Green Short Bed 6.75ft SRW,3999.99,4199.99,200.0,4.8%,Out of Stock,https://texastruckparts.shop/product/2020-2026-chevy-silverado-2500-3500-hd-hunter-green-short-bed-6-75ft-srw/,"Genuine OEM take-off short bed (6.5 ft / SRW) in Hunter Green for 2020–2026 Chevy Silverado 2500/3500 HD; SKU 907919. Removed from a low-mileage truck and carefully inspected. Complete steel assembly including floor, walls, wheel wells, taillight cutouts, and mounting points. Professional installation recommended — involves unbolting from frame, disconnecting tail light wiring, and fuel filler neck. Direct bolt-on with same engineering, materials, and fit as dealer parts at 40–60% less. Ships from Sugar Land, TX. Financing available."
35,Truck Bed,2020-2026 GMC Sierra 3500HD Denali DRW Dually Bed 8ft Abalone White OEM,3299.99,3500.0,200.01,5.7%,In Stock (1),https://texastruckparts.shop/product/2020-2026-gmc-sierra-3500hd-denali-drw-dually-bed-8ft-abalone-white-oem/,"Genuine OEM take-off 8 ft dually long bed (DRW) in Abalone White for 2020–2026 GMC Sierra 3500HD Denali; SKU 287326465199. Removed from a low-mileage truck and carefully inspected. Complete steel assembly including floor, walls, wheel wells, and taillight cutouts. Direct-fit, bolt-on installation. OEM take-offs cost 40–60% less than new dealer parts. Free commercial shipping from Sugar Land, TX. Local pickup available. Financing through Snap, Acima, and Progressive. VIN verification: (832) 706-8091."
36,Truck Bed,2011-2016 Ford F250 F350 Short Bed 6.75ft SRW Black & Brown Two Tone King Ranch OEM,4349.99,4500.0,150.01,3.3%,In Stock (1),https://texastruckparts.shop/product/2011-2016-ford-f250-f350-short-bed-6-75ft-srw-black-brown-two-tone-king-ranch-oe/,"Genuine OEM take-off short bed (6.5 ft / SRW) in Black & Brown two-tone King Ranch trim for 2011–2016 Ford F250/F350. Rare King Ranch exclusive color combination. Removed from a low-mileage vehicle and carefully inspected. Direct bolt-on installation — SRW and DRW beds are not interchangeable. What you see in photos is what you receive. Free commercial shipping from Sugar Land, TX. Financing available through Snap Finance, Progressive Leasing, and Acima."
37,Tailgate,2017-2019 Ford F250 F350 F450 Factory Tailgate Platinum White Step Camera Hole OEM,1199.99,1300.0,100.01,7.7%,In Stock (1),https://texastruckparts.shop/product/2017-2019-ford-f250-f350-f450-factory-tailgate-platinum-white-step-camera-hole-oem/,"Genuine OEM take-off tailgate in Platinum White for 2017–2019 Ford F250/F350/F450 Platinum trim. Features factory integrated step for easy bed access and factory camera hole cutout. Carefully removed and inspected from a low-mileage truck. Fits all bed configurations (short/long bed, SRW, dually). Installation requires transferring existing latch cables and wiring harnesses. Ships from Sugar Land, TX within 1–2 business days via freight carrier. Financing through Snap Finance, Progressive Leasing, and Acima. VIN verification available."
38,Tailgate,2023-2026 Ford F250 F350 F450 Factory Tailgate Oxford White w/ Step & Camera Hole OEM,1299.99,1399.99,100.0,7.1%,In Stock (1),https://texastruckparts.shop/product/2023-2026-ford-f250-f350-f450-factory-tailgate-oxford-white-w-step-camera-hole-oem/,"Genuine OEM take-off tailgate in Oxford White for 2023–2026 Ford F250/F350/F450. Features factory integrated tailgate step and backup camera cutout. Note: this tailgate was previously installed on a fleet vehicle and has reflective vinyl that can be removed; it has 3 aftermarket lights drilled into it with wiring visible on the back side when the plate is opened. Direct bolt-on replacement across all bed configurations. Installation involves removing hinge bolts and transferring latch cables and wiring. Ships from Sugar Land, TX. Financing available."
39,Tailgate,2017-2019 Ford F250 F350 F450 Factory Tailgate Platinum White Camera Hole NO STEP,949.99,1000.0,50.01,5.0%,In Stock (1),https://texastruckparts.shop/product/2017-2019-ford-f250-f350-f450-factory-tailgate-platinum-white-camera-hole-no-step/,"Genuine OEM take-off tailgate in Platinum White for 2017–2019 Ford F250/F350/F450 — no step, with factory camera hole cutout. Has a couple of light dings (see photos). Removed from a low-mileage donor vehicle with full factory functionality retained. Direct bolt-on compatibility for 2017–2019 models. Installation involves transferring existing latch cables and wiring to the replacement unit. Fits all bed configurations. Ships from Sugar Land, TX. Financing available through multiple providers. VIN verification offered."
40,Tailgate,2020-2026 Chevy Silverado 2500 3500 Factory Tailgate Summit White OEM (v3),999.99,1100.0,100.01,9.1%,Out of Stock,https://texastruckparts.shop/product/2020-2026-chevy-silverado-2500-3500-factory-tailgate-summit-white-oem-3/,"Genuine OEM take-off tailgate in Summit White for 2020–2026 Chevy Silverado 2500/3500; SKU 118469. No step. Removed from a low-mileage truck and carefully inspected. Fits all bed configurations — short bed, long bed, SRW, and dually trucks. If color doesn't match your truck, body shops can repaint using the factory paint code from your door jamb sticker. Installation involves removing hinge pins/bolts and transferring existing latch cables and wiring. Ships within 1–2 business days from Sugar Land, TX. Financing available."
41,Tailgate,2023-2026 Ford F250 F350 Factory Tailgate Marsh Grey w/ Step & Camera Hole OEM,1799.99,1899.99,100.0,5.3%,In Stock (1),https://texastruckparts.shop/product/2023-2026-ford-f250-f350-factory-tailgate-marsh-grey-w-step-camera-hole-oem/,"Genuine OEM take-off tailgate in Marsh Grey for 2023–2026 Ford F250/F350/F450. Includes factory integrated tailgate step for easy bed access and factory camera cutout for backup camera. Removed from a low-mileage truck and carefully inspected. Universal fit across all bed configurations. Requires hinge pin removal and latch cable transfer. If color differs, professional body shops can refinish using your factory paint code. Ships from Sugar Land, TX within 1–2 business days via freight carrier. Financing available."
42,Tailgate,2023-2026 Ford F250 F350 F450 KING RANCH Tailgate Step Camera Star White OEM,2799.99,3000.0,200.01,6.7%,In Stock (1),https://texastruckparts.shop/product/2023-2026-ford-f250-f350-f450-king-ranch-tailgate-step-camera-star-white-oem/,"Genuine OEM take-off King Ranch tailgate in Star White for 2023–2026 Ford F250/F350/F450 King Ranch trim. Features factory integrated tailgate step and camera-ready cutout. Removed from a low-mileage truck and carefully inspected — what you see in photos is what you receive. Direct bolt-on replacement with universal fit across all bed configurations (short/long bed, SRW, dually). Installation requires hinge pin/bolt removal and latch cable transfer. Free commercial delivery from Sugar Land, TX. Financing through Snap Finance, Progressive Leasing, and Acima."
43,Tailgate,2023-2026 Ford F250 F350 F450 Factory Tailgate Carbonized Grey Step Camera OEM (v2),1699.99,1799.99,100.0,5.6%,Out of Stock,https://texastruckparts.shop/product/2023-2026-ford-f250-f350-f450-factory-tailgate-carbonized-grey-step-camera-oem-2/,"Genuine OEM take-off tailgate in Carbonized Grey for 2023–2026 Ford F250/F350/F450; SKU 147867. Features factory integrated tailgate step for easy bed access. Removed from a low-mileage truck and carefully inspected. What you see in photos is what you receive — expect a genuine OEM part in the condition shown, not brand new. Direct bolt-on installation across all bed configurations. Requires transferring latch cables and wiring harness. Ships from Sugar Land, TX within 1–2 business days. Financing available."
44,Tailgate,2023-2026 Ford F250 F350 F450 Factory Tailgate Carbonized Grey Step Camera OEM,1699.99,1799.99,100.0,5.6%,Out of Stock,https://texastruckparts.shop/product/2023-2026-ford-f250-f350-f450-factory-tailgate-carbonized-grey-step-camera-oem/,"Genuine OEM take-off tailgate in Carbonized Grey for 2023–2026 Ford F250/F350/F450; SKU 146506. Features integrated tailgate step with camera compatibility. Removed from a low-mileage truck and carefully inspected. Direct bolt-on installation with factory-matched body lines. Compatible across all bed configurations (short/long bed, SRW, dually). Requires transferring existing latch cables and wiring harness. Repainting available if needed to match truck color. Ships from Sugar Land, TX within 1–2 business days. Financing available."
45,Tailgate,2020-2026 Chevy Silverado 2500 3500 Factory Tailgate Hunter Green OEM,999.99,1100.0,100.01,9.1%,Out of Stock,https://texastruckparts.shop/product/2020-2026-chevy-silverado-2500-3500-factory-tailgate-hunter-green-oem/,"Genuine OEM take-off tailgate in Hunter Green for 2020–2026 Chevy Silverado 2500/3500; SKU 881603. No step. Removed from a low-mileage truck and carefully inspected. Direct-fit, bolt-on installation. VIN verification and fitment assistance available. OEM take-offs cost 40–60% less than dealer pricing. Fits all bed configurations. Installation requires removing hinge pins/bolts and transferring latch cables and wiring harness. Universal fit across bed types. Ships within 1–2 business days from Sugar Land, TX. Financing available."
46,Tailgate,2020-2026 Chevy Silverado 2500 3500 Factory Tailgate Summit White OEM (v2),999.99,1100.0,100.01,9.1%,Out of Stock,https://texastruckparts.shop/product/2020-2026-chevy-silverado-2500-3500-factory-tailgate-summit-white-oem-2/,"Genuine OEM take-off tailgate in Summit White for 2020–2026 Chevy Silverado 2500/3500; SKU 856622. No step. Carefully removed and inspected from a low-mileage truck. Fits all bed configurations including short bed, long bed, SRW, and dually trucks. Installation requires removing hinge pins or bolts and transferring existing latch cables and wiring harness. May need repainting if color doesn't match buyer's truck. Ships from Sugar Land, TX within 1–2 business days via freight carrier. Flexible financing available."
47,Tailgate,2023-2026 Ford F250 F350 Factory Tailgate Carbonized Grey Camera Hole NO STEP,899.99,950.0,50.01,5.3%,Out of Stock,https://texastruckparts.shop/product/2023-2026-ford-f250-f350-factory-tailgate-carbonized-grey-camera-hole-no-step/,"Genuine OEM take-off tailgate in Carbonized Grey for 2023–2026 Ford F250/F350/F450 — no step, with factory camera hole cutout. Removed from a low-mileage truck and carefully inspected. Direct-fit, bolt-on installation across all bed configurations (short bed, long bed, SRW, dually). Installation involves removing hinge pins/bolts from existing tailgate and transferring latch cables and wiring harness. What you see in photos is what you receive. Ships from Sugar Land, TX within 1–2 business days via freight carrier."
48,Tail Lights,2017-2019 Ford Super Duty F250 F350 F450 Right Halogen Tail Light OEM Genuine,199.99,210.0,10.01,4.8%,In Stock (1),https://texastruckparts.shop/product/2017-2019-ford-super-duty-f250-f350-f450-right-halogen-tail-light-oem-genuine/,"Genuine OEM take-off passenger-side (RH) halogen tail light for 2017–2019 Ford F250/F350/F450 Super Duty. Removed from a truck undergoing restoration or customization. Includes lens, housing, halogen bulb array, and wiring harness. Direct-fit, bolt-on installation using original factory mounting studs and wiring connectors. Refer to photos for exact condition. Saves 40–60% vs. dealer pricing with the same factory quality. Free commercial shipping from Sugar Land, TX. Local pickup available. VIN verification: (832) 706-8091."
49,Tail Lights,2017-2019 Ford F250 F350 F450 LH Driver Halogen Tail Light Factory OEM Used,199.99,210.0,10.01,4.8%,In Stock (1),https://texastruckparts.shop/product/2017-2019-ford-f250-f350-f450-lh-driver-halogen-tail-light-factory-oem-used/,"Genuine OEM take-off driver-side (LH) halogen tail light for 2017–2019 Ford F250/F350/F450. Removed from a low-mileage truck and carefully inspected. Direct-fit, bolt-on installation without modifications — uses original factory mounting studs and wiring connectors. Installation approximately 15 minutes using basic hand tools. Refer to all product photographs carefully — what you see is what you receive. Free commercial shipping from Sugar Land, TX. Financing through Snap Finance, Progressive Leasing, and Acima."
50,Tail Lights,2019-2024 Dodge Ram 2500 3500 LED BLISS Tail Light Left Hand Drivers OEM,399.99,415.0,15.01,3.6%,In Stock (1),https://texastruckparts.shop/product/2019-2024-dodge-ram-2500-3500-led-bliss-tail-light-left-hand-drivers-oem/,"Genuine OEM take-off driver-side (LH) LED tail light with integrated BLISS (Blind Spot Information System) module for 2019–2024 Ram 2500/3500. The BLISS system uses radar sensors integrated into the tail light housing to monitor adjacent lanes and alert drivers when vehicles are detected — a premium factory safety feature. Removed from a low-mileage vehicle and carefully inspected. Direct-fit, bolt-on installation — no modifications required. Free commercial shipping from Sugar Land, TX. Financing available. VIN verification offered."
51,Tail Lights,2019-2024 Dodge Ram 2500 3500 LED BLISS Tail Light Right Hand Passenger OEM,399.99,415.0,15.01,3.6%,In Stock (2),https://texastruckparts.shop/product/2019-2024-dodge-ram-2500-3500-led-bliss-tail-light-right-hand-passenger-oem/,"Genuine OEM take-off passenger-side (RH) LED tail light with integrated BLISS (Blind Spot Information System) module for 2019–2024 Ram 2500/3500. The factory BLISS module contains radar sensors to monitor adjacent lanes and alert drivers to vehicles in blind spots — a premium factory safety option. 2 units in stock. Carefully removed and inspected from a low-mileage donor vehicle. Direct bolt-on installation using original factory mounting studs and wiring connectors. Free commercial shipping from Sugar Land, TX. Financing available."
52,Tail Lights,2020-2026 Chevy Silverado 3500 Dually Factory Driver Side Tail Light LH OEM,449.99,500.0,50.01,10.0%,In Stock (1),https://texastruckparts.shop/product/2020-2026-chevy-silverado-3500-dually-factory-driver-side-tail-light-lh-oem/,"Genuine OEM factory driver-side (LH) tail light assembly for 2020–2026 Chevy Silverado 3500 dually (DRW) trucks; SKU 20CDL1. Removed from a low-mileage vehicle and carefully inspected by our team. What you see in photos is what you receive. Direct bolt-on installation — no modifications required. Includes original factory mounting studs and wiring connectors. Installation approximately 15 minutes. Meets DOT and SAE standards. Saves 40–60% vs. dealer pricing. Ships from Sugar Land, TX within 1–2 business days. Financing available."
53,Tail Lights,2020-2026 Chevy Silverado 3500 Dually Only Factory Passenger Side Tail Light RH,449.99,500.0,50.01,10.0%,In Stock (1),https://texastruckparts.shop/product/2020-2026-chevy-silverado-3500-dually-only-factory-passenger-side-tail-light-rh/,"Genuine OEM factory passenger-side (RH) tail light assembly for 2020–2026 Chevy Silverado 3500 dually (DRW) trucks; SKU 20CDR1. Removed from a low-mileage truck and carefully inspected. Includes lens, housing, LED/halogen bulb array, wiring harness, and mounting hardware. Direct-fit, bolt-on installation. Meets DOT and SAE standards. OEM take-offs cost 40–60% less than dealer pricing with the same reliability and longevity. Free commercial shipping from Sugar Land, TX. Local pickup available. Financing through Snap, Acima, and Progressive."
54,Tail Lights,2020-2022 Ford Super Duty Factory LED Taillight w/ BLISS OEM LH Driver Side,549.99,574.99,25.0,4.3%,Out of Stock,https://texastruckparts.shop/product/2020-2022-ford-super-duty-factory-led-taillight-w-bliss-oem-lh-driver-side/,Genuine OEM take-off driver-side (LH) LED taillight with integrated BLISS module for 2020–2022 Ford Super Duty; SKU 20FLL1. Features radar sensors integrated into the housing to monitor blind spots — a premium factory safety option commanding higher value than standard units. Removed from a low-mileage truck and carefully inspected. Do not expect a brand-new item — expect factory condition as shown. Direct bolt-on replacement using original factory mounting points and wiring connectors. Installation approximately 15 minutes. Meets DOT and SAE compliance.
55,Tail Lights,2020-2022 Ford Super Duty Factory LED Taillight w/ BLISS OEM RH Passenger,549.99,574.99,25.0,4.3%,Out of Stock,https://texastruckparts.shop/product/2020-2022-ford-super-duty-factory-led-taillight-w-bliss-oem-rh-passenger/,"Genuine OEM take-off passenger-side (RH) LED taillight with integrated BLISS (Blind Spot Information System) module for 2020–2022 Ford Super Duty. Features factory BLISS radar sensors to monitor adjacent lanes — a premium safety option. Removed from a low-mileage vehicle and carefully inspected. Refer to photos for exact condition. The BLISS module must remain intact to maintain blind spot detection functionality. Direct bolt-on installation using factory mounting studs and wiring connector. Installation approximately 15 minutes. Ships from Sugar Land, TX."
56,Tail Lights,2023-2026 Ford F250 F350 F450 Factory Passenger Side Full LED Tail Light BLISS OEM RH,1099.99,1149.99,50.0,4.3%,In Stock (1),https://texastruckparts.shop/product/2023-2026-ford-f250-f350-factory-passenger-side-full-led-tail-light-bliss-oem-rh/,"Genuine OEM take-off passenger-side (RH) full LED tail light assembly with integrated BLISS (Blind Spot Information System) module for 2023–2026 Ford F250/F350/F450. Includes factory BLISS radar sensors for adjacent lane monitoring — significantly more valuable than standard tail lights. Removed from a low-mileage vehicle and carefully inspected. Includes housing, full LED array, wiring connector, and mounting hardware. Standard DOT/SAE compliance. Direct bolt-on — no modifications required. Installation approximately 15 minutes. Ships from Sugar Land, TX. Financing available."
57,Tail Lights,2023-2026 Ford F250 F350 F450 Factory Driver Side Full LED Tail Light w/ BLISS OEM LH,1000.0,1149.99,149.99,13.0%,Out of Stock,https://texastruckparts.shop/product/2023-2026-ford-f250-f350-factory-driver-side-full-led-tail-light-w-bliss-oem-lh/,"Genuine OEM take-off driver-side (LH) full LED tail light with integrated BLISS module for 2023–2026 Ford F250/F350/F450; SKU 23FLL1. Includes radar sensors in the housing to monitor adjacent lanes and alert drivers to blind spot hazards. Removed from a low-mileage vehicle and carefully inspected. Aftermarket replacements lacking the BLISS module will not support blind spot detection — this is a complete factory unit. Direct bolt-on installation using original mounting studs and wiring connectors. Installation approximately 15 minutes. Ships from Sugar Land, TX."
58,Tail Lights,2020-2023 Chevy 2500 3500 Factory Passenger Side Halogen Tail Light RH SRW OEM,74.99,90.0,15.01,16.7%,In Stock (1),https://texastruckparts.shop/product/2020-2023-chevy-2500-3500-factory-passenger-side-halogen-tail-light-rh-srw-oem/,"Genuine OEM take-off passenger-side (RH) halogen tail light for 2020–2023 Chevy Silverado 2500/3500 SRW; SKU 20CHR1. Removed from a low-mileage truck and carefully inspected. Includes lens, housing, bulb array, wiring connector, and mounting hardware. DOT/SAE compliant — prevents moisture intrusion when replacing damaged units. Direct-fit, bolt-on installation in approximately 15 minutes with basic hand tools. Saves 40–60% vs. dealer pricing. Free commercial shipping from Sugar Land, TX. Local pickup available. Financing through multiple providers."
59,Tail Lights,2023-2026 Ford F250 F350 F450 Factory Driver Side Halogen BLISS Tail Light LH,299.99,350.0,50.01,14.3%,Out of Stock,https://texastruckparts.shop/product/2023-2026-ford-f250-f350-f450-factory-driver-side-halogen-bliss-tail-light-lh-12/,"Genuine OEM take-off driver-side (LH) halogen tail light with integrated BLISS (Blind Spot Information System) module for 2023–2026 Ford F250/F350/F450; SKU 23FHBL3. The BLISS module uses radar sensors to monitor adjacent lanes and alert the driver to nearby vehicles — a premium factory safety feature. Removed from a low-mileage truck and inspected. Includes lens, housing, halogen bulb array, wiring connector, and mounting hardware. Direct bolt-on installation in approximately 15 minutes. Ships from Sugar Land, TX within 1–2 business days. Financing available."
60,Accessories & Hardware,2019-2026 Ram 3500 4500 Factory Fifth Wheel Gooseneck Trailer Prep Hitch OEM Mopar,399.99,500.0,100.01,20.0%,In Stock (4),https://texastruckparts.shop/product/2019-2026-ram-3500-4500-factory-fifth-wheel-gooseneck-trailer-prep-hitch-oem-mopar/,"Genuine OEM Mopar take-off fifth wheel/gooseneck trailer prep hitch for 2019–2026 Ram 3500/4500. Removed from a low-mileage vehicle and carefully inspected by our team. 4 units in stock; individual items may vary slightly while maintaining the same part number and fitment. Direct bolt-on installation. VIN verification available by contacting (832) 706-8091. OEM take-offs offer 40–60% savings vs. dealership pricing while maintaining original manufacturer specifications and reliability. Free commercial shipping from Sugar Land, TX. Local pickup available. Financing through Snap, Acima, and Progressive."
61,Accessories & Hardware,2023-2026 Ford F250 F350 F450 Super Duty Factory Fifth Wheel Gooseneck Trailer Prep Hitch OEM,599.99,700.0,100.01,14.3%,Out of Stock,https://texastruckparts.shop/product/2023-2026-ford-f250-f350-f450-super-duty-factory-fifth-wheel-gooseneck-trailer-prep-hitch-oem/,"Genuine OEM take-off factory fifth wheel/gooseneck trailer prep hitch for 2023–2026 Ford F250/F350/F450 Super Duty. Removed from a low-mileage truck and carefully inspected. Refer to photos for exact condition — what you see in photos is what you receive. Direct-fit, bolt-on installation. VIN verification and fitment assistance available. OEM take-off quality at 40–60% less than dealer pricing. Ships from Sugar Land, TX within 1–2 business days via freight carrier. Financing through multiple providers."
62,Accessories & Hardware,2023-2026 Ford F250 F350 Super Duty Stone Grey Painted 8ft Bed Step Panel OEM,324.99,350.0,25.01,7.1%,In Stock (1),https://texastruckparts.shop/product/2023-ford-super-duty-stone-grey-painted-8ft-bed-step-panel-f250-f350-f450-oem/,"Genuine OEM take-off 8-ft bed step panel in Stone Grey (painted) for 2023–2026 Ford F250/F350 Super Duty. Removed from a low-mileage vehicle and carefully inspected. Direct bolt-on installation for compatible Super Duty trucks — SRW and DRW beds are not interchangeable. Confirm fitment using your vehicle VIN before purchasing. Free commercial shipping from Sugar Land, TX. Financing options available through multiple providers. Local pickup available."
63,Accessories & Hardware,2023-2026 Ford F250 F350 Super Duty Star White Painted 8ft Bed Step Panel OEM,324.99,350.0,25.01,7.1%,In Stock (1),https://texastruckparts.shop/product/2023-oem-ford-super-duty-star-white-painted-8ft-bed-step-panel-f250-f350/,"Genuine OEM take-off 8-ft bed step panel in Star White (painted) for 2023–2026 Ford F250/F350 Super Duty. Removed from a low-mileage truck and carefully inspected. Direct-fit, bolt-on installation for 2023–2026 Ford F250/F350 models. Confirm fitment via VIN before purchase. OEM take-off quality at 40–60% below dealer pricing with the same factory engineering and materials. Free commercial shipping from Sugar Land, TX. Local pickup available. Financing through Snap, Acima, and Progressive."
64,Accessories & Hardware,2023-2026 Ford F250 F350 Super Duty Carbonized Grey Painted 8ft Bed Step Panel OEM,324.99,350.0,25.01,7.1%,In Stock (2),https://texastruckparts.shop/product/2023-oem-ford-super-duty-carbonized-grey-painted-8ft-bed-step-panel-f250-f350/,"Genuine OEM take-off 8-ft bed step panel in Carbonized Grey (painted) for 2023–2026 Ford F250/F350 Super Duty. 2 units in stock; individually inspected and photographed — units may vary slightly despite matching part specs. Removed from low-mileage trucks during restoration or upgrades. Direct bolt-on — no modifications needed. VIN verification recommended before purchase. Ships from Sugar Land, TX within 1–2 business days. Financing through Snap, Acima, and Progressive Leasing."
65,Accessories & Hardware,2023-2026 Ford F250 F350 OEM Front Bed Step — Passenger Side RH Factory Take-Off,74.99,90.0,15.01,16.7%,In Stock (1),https://texastruckparts.shop/product/2023-2024-2025-ford-f250-f350-passenger-side-oem-front-bed-step-rh-factory/,"Genuine OEM take-off passenger-side (RH) front bed step for 2023–2026 Ford F250/F350. 6.5-ft short bed, SRW configuration. Removed from a low-mileage truck and carefully inspected. Direct-fit, bolt-on installation. VIN verification and fitment confirmation available upon request. Factory-original specifications ensure reliability at 40–60% savings vs. dealer costs. Free standard shipping to commercial addresses from Sugar Land, TX (13618 Florence Rd). Local pickup available. Financing through Snap Finance, Progressive Leasing, and Acima."
66,Accessories & Hardware,2023-2026 Ford F250 F350 OEM Front Bed Step — Driver Side LH Factory Take-Off,74.99,90.0,15.01,16.7%,In Stock (8),https://texastruckparts.shop/product/2023-2024-2025-ford-f250-f350-driver-side-oem-front-bed-step-lh-factory-take-off/,"Genuine OEM take-off driver-side (LH) front bed step for 2023–2026 Ford F250/F350. 6.5-ft short bed, SRW configuration. 8 units in stock. Removed from low-mileage trucks and carefully inspected. When multiple units are in inventory, individual pieces may differ slightly despite matching part specs. Direct bolt-on installation. Factory-original specifications at 40–60% savings vs. dealer costs. Free standard shipping to commercial addresses from Sugar Land, TX. Local pickup available. Financing through Snap Finance, Progressive Leasing, and Acima."
67,Front Replacement Bumpers,Tough Country Evolution Bullnose Ram 2500/3500 Front Bumper (2019-2024) — Scratch/Dent,1099.99,1099.99,,,In Stock (1),https://texastruckparts.shop/product/tough-country-evolution-bullnose-ram-2500-3500-front-bumper-2019-2024-scratch-dent/,"Heavy-duty aftermarket Tough Country Evolution Bullnose front bumper for 2019–2024 Ram 2500/3500 HD. Factory second/scratch & dent unit — has visible scuffs and scratches, refer to photos before purchase. Constructed from 3/16″ heavy-duty steel with Wrinkle Black Powder Coat finish. Made in USA. Direct bolt-on installation using factory mounting points. Compatible with factory parking sensors and fog lights; retains factory tow hooks. Winch-ready with built-in winch plate. Bullnose styling wraps around front fascia. Typical installation 1–3 hours with two people. Ships free to commercial addresses from Sugar Land, TX. Financing available."
68,Front Replacement Bumpers,Tough Country Traditional Chevy Silverado 2500/3500 Front Bumper (2015-2019) #TFR3415C — Scratch/Dent,1399.99,1399.99,,,In Stock (2),https://texastruckparts.shop/product/tough-country-traditional-chevy-silverado-2500-3500-front-bumper-2015-2019-tfr3415c-scratch-dent/,Heavy-duty aftermarket Tough Country Traditional front bumper for 2015–2019 Chevy Silverado 2500HD/3500HD; part #TFR3415C. Factory overstock unit with visible surface imperfections — review photos before purchase. Built from 3/16″ heavy-duty steel with Gloss Black Powder Coat finish. Made in USA. Direct bolt-on installation for specified model years. Compatible with factory fog lights but NOT compatible with factory front parking sensors. Traditional flat-face styling for classic HD truck appearance. Some applications may require minor modifications for aftermarket exhaust or lift kits. Contact (832) 706-8091 with VIN for fitment confirmation.
69,Front Replacement Bumpers,2025-2026 Ram 2500 3500 One Source Front Replacement Bumper #2270PRS,1749.99,1800.0,50.01,2.8%,In Stock (3),https://texastruckparts.shop/product/2025-2026-ram-2500-3500-ranch-hand-style-front-replacement-bumper-new-one-source/,"Brand-new One Source aftermarket front replacement bumper for 2025–2026 Ram 2500/3500; SKU 2270PRS. Arrives in original packaging, never installed. All mounting hardware, installation brackets, and fasteners included. Direct bolt-on replacement — no cutting, drilling, or modifications required. Features enhanced front-end protection with heavy-gauge steel construction, integrated winch mounts, D-ring attachment points, and LED light bar compatibility. Backed by manufacturer warranty. Ships from Sugar Land, TX within 1–2 business days via freight carrier. Financing through Snap Finance, Progressive Leasing, and Acima."
70,Front Replacement Bumpers,2024-2026 Chevy Silverado 2500 3500 One Source Front Replacement Bumper #2123PRS,1749.99,1800.0,50.01,2.8%,In Stock (2),https://texastruckparts.shop/product/2024-2026-chevy-2500-3500-ranch-hand-style-front-replacement-bumper-new/,"Brand-new One Source aftermarket front replacement bumper for 2024–2026 Chevy Silverado 2500/3500; SKU 2123PRS. Arrives in original factory packaging, never installed or mounted. All mounting hardware, brackets, and fasteners included — no cutting, drilling, or modifications needed. Features enhanced front-end protection, integrated winch mounts for recovery equipment, D-ring attachment points, and modern LED light bar mounts. Backed by manufacturer warranty. Ships within 1–2 business days from Sugar Land, TX. Financing available — no credit verification required."
71,Front Replacement Bumpers,2017-2022 Ford F250 F350 One Source Front Replacement Bumper #2367PRS,1749.99,1800.0,50.01,2.8%,In Stock (1),https://texastruckparts.shop/product/2017-2022-ford-f250-f350-ranch-hand-style-front-replacement-bumper-new/,"Brand-new One Source aftermarket front replacement bumper for 2017–2022 Ford F250/F350; SKU 2367PRS. Arrives in original packaging, never installed. All mounting hardware, installation brackets, and fasteners included. Direct-fit, bolt-on installation — no cutting, welding, or drilling. Features enhanced protection, integrated winch mounts, D-ring attachment points for towing/tie-downs, and heavier-gauge steel vs. factory bumpers. Backed by manufacturer warranty. Texas Truck Parts offers VIN verification for fitment confirmation. Ships from Sugar Land, TX within 1–2 business days. Financing available."
72,Front Replacement Bumpers,2020-2023 Chevy Silverado 2500HD 3500HD One Source Front Replacement Bumper #2122PRS,1699.99,1800.0,100.01,5.6%,In Stock (1),https://texastruckparts.shop/product/2020-2023-chevy-silverado-2500hd-3500hd-one-source-front-replacement-bumper/,"Brand-new One Source aftermarket front replacement bumper for 2020–2023 Chevy Silverado 2500HD/3500HD; SKU 2122PRS. Arrives in original packaging, never installed or mounted. All mounting hardware, brackets, and fasteners included — no modifications required. Direct bolt-on replacement. Aftermarket advantages include heavier-gauge steel construction, integrated winch mounts, D-ring attachment points, better approach angles for off-road use, and LED light bar mount compatibility that factory bumpers lack. Backed by manufacturer warranty. Ships from Sugar Land, TX within 1–2 business days. Financing available."
73,Rear Replacement Bumpers,Tough Country Evolution Ram 2500/3500 Rear Bumper (2010-2024) #EB1034DRSL,849.99,849.99,,,In Stock (3),https://texastruckparts.shop/product/tough-country-evolution-ram-2500-3500-rear-bumper-2010-2024-eb1034drsl/,"Brand-new Tough Country Evolution rear bumper for 2010–2024 Ram 2500/3500 HD (4th gen DS body); part #EB1034DRSL. Built from 3/16″ heavy-duty steel with Wrinkle Black Powder Coat finish. Made in USA. Includes dual 4-inch light cube slots, integrated side steps, and maintains factory receiver hitch. Compatible with factory parking sensors. Direct bolt-on using factory mounting points and supplied hardware in 1–3 hours with two people. Some applications may require minor modifications for aftermarket exhaust, lift kits, or suspension components. Verify fitment before purchase — contact (832) 706-8091 with VIN. Free commercial shipping from Sugar Land, TX."
74,Rear Replacement Bumpers,Ranch Hand Ram 1500 Bumper — Sport Series Rear (2019-2024) #SBD19HBLSL,899.99,899.99,,,In Stock (2),https://texastruckparts.shop/product/2019-2024-ram-1500-ranch-hand-sport-rear-bumper-sbd19hblsl/,"Brand-new Ranch Hand Sport Series rear bumper for 2019–2024 Ram 1500 (5th gen DT body only); part #SBD19HBLSL. Made in USA from 3/16″ diamond plate steel. Note: fits Ram 1500 5th gen DT body ONLY — does NOT fit Ram 1500 Classic (4th gen), EcoDiesel variants, or Ram 2500/3500. Arrives in original factory packaging, never installed. All mounting hardware, brackets, and bolts included. Direct-fit, bolt-on installation — no cutting or drilling for standard setups. Features side-exhaust cutouts on both sides, sensor-ready holes for factory parking assist, factory receiver hitch retained, and textured black powder coat finish. Backed by full manufacturer warranty. Free commercial shipping from Sugar Land, TX. Financing available."
75,Rear Replacement Bumpers,One Source Ford F250 Bumper — Rear Replacement (2017-2026 F250/F350/F450) #4397LS,999.99,999.99,,,Out of Stock,https://texastruckparts.shop/product/2017-2026-ford-f250-f350-f450-one-source-rear-bumper-4397ls-with-steps/,"Brand-new One Source heavy-duty rear replacement bumper for 2017–2026 Ford F250/F350/F450 Super Duty; part #4397LS. Features sensor-ready holes, integrated reverse lights (connects to factory wiring), side steps for bed access, and factory receiver hitch compatibility. Arrives in original packaging, never installed. All mounting hardware and brackets included — no cutting, drilling, or modifications needed for standard installation. Fits all body styles (single cab, super cab, crew cab) and wheel configurations. Some vehicles with aftermarket accessories (lift kits) may require minor modifications. Ships from Sugar Land, TX within 1–2 business days. Financing available."
76,Rear Replacement Bumpers,Tough Country Evolution Ford F250/F350/F450 Rear Bumper (1999-2016) #EB0065FLRS,849.99,849.99,,,In Stock (3),https://texastruckparts.shop/product/tough-country-evolution-ford-f250-f350-f450-rear-bumper-1999-2016-eb0065flrs/,"Brand-new Tough Country Evolution rear bumper for 1999–2016 Ford F250/F350/F450 Super Duty; part #EB0065FLRS. Built from 3/16″ heavy-duty steel with Wrinkle Black Powder Coat finish. Made in USA. Accommodates factory parking sensors, includes a 4-inch light cube slot on the driver side, and features integrated side steps on each side. Factory receiver hitch is retained. Direct bolt-on using factory mounting points and supplied hardware in 1–3 hours. Some applications may require minor modifications for aftermarket exhaust, lift kits, or suspension components. Free commercial shipping from Sugar Land, TX. Financing available."
77,Rear Replacement Bumpers,2017-2026 Ford F-250 F-350 F-450 Tough Country Evolution Rear Bumper #EB2017FLRS,999.99,1599.99,600.0,37.5%,In Stock (5),https://texastruckparts.shop/product/2017-2026-ford-f250-f350-f450-tough-country-ranch-style-rear-replacement-bumper/,"Brand-new Tough Country Evolution rear bumper for 2017–2026 Ford F250/F350/F450 Super Duty; SKU EB2017FLRS. Arrives in original packaging, never installed or mounted. All mounting hardware, installation brackets, and fasteners included. Direct-fit, bolt-on replacement — no cutting, welding, or drilling required. Features enhanced rear protection, integrated winch mounts, D-ring attachment points for towing, heavier-gauge steel construction, improved approach angles for off-road use, and modern aesthetic upgrades. Backed by manufacturer warranty. Standard tools and floor jack sufficient for installation. Ships from Sugar Land, TX within 1–2 business days. Financing available."
78,Grill Guards,Tough Country Traditional GMC Sierra 2500/3500 Grill Guard (2024-2026) #BG2525G,599.99,599.99,,,In Stock (15),https://texastruckparts.shop/product/tough-country-traditional-gmc-sierra-2500-3500-grill-guard-2024-2026-bg2525g/,"Brand-new Tough Country Traditional grill guard for 2024–2026 GMC Sierra 2500/3500; SKU BG2525G. Arrives unopened in original manufacturer packaging, never installed. Gloss Black Powder Coat finish. Tough Country is known for premium USA-made truck bumpers and accessories with lifetime warranty. Bolt-on replacement designed for factory mounting locations — no cutting or drilling needed. Includes all mounting hardware and brackets. 15 units in stock. Verify compatibility with your specific year, model, and trim before ordering. VIN verification available. Ships from Sugar Land, TX within 1–2 business days. Financing through Snap Finance, Progressive Leasing, and Acima."
79,Wheels & Tires,KMC IMS KM552 20×9 +0 Wheels on Nitto Ridge Grappler 37×12.5×20 — Ford F250/F350 Set,3949.99,3949.99,,,Out of Stock,https://texastruckparts.shop/product/kmc-ims-km552-20x9-0-wheels-on-nitto-ridge-grappler-37x12-5x20-ford-f250-f350-set/,"Complete 4-wheel package: KMC KM552 IMS wheels (20″ × 9″, +0 offset, 8×170 bolt pattern, machined finish; part KM552SD20908718) paired with Nitto Ridge Grappler 37×12.50R20 hybrid all-terrain/mud-terrain tires. Set arrives mounted and balanced with lug nuts and TPMS sensors included. Current production date-code tires ready to install. Fits Ford F250/F350 Super Duty (1999–2025) with 8×170 bolt pattern. Buyer responsible for verifying fitment including brake-caliper and fender clearance. May require fender trimming or leveling/lift kit. Ships from Sugar Land, TX within 1–3 business days via freight carrier."
80,Wheels & Tires,American Force Iceberg SS Wheels 20×10 + Nitto Ridge Grappler 37×12.5 Tire Set (Ford Super Duty),6000.0,6000.0,,,In Stock (1),https://texastruckparts.shop/product/american-force-iceberg-ss-20x10-nitto-ridge-grappler-37x12-5-wheel-tire-set-ford-super-duty/,"Complete wheel and tire package: American Force Iceberg SS forged polished wheels (20×10, -25mm offset, 8×170mm bolt pattern) paired with Nitto Ridge Grappler 37×12.50R20 hybrid all-terrain/mud-terrain tires. Wheels forged from a single piece of 6061-T6 aluminum for superior strength and weight savings. Set arrives mounted, balanced, with TPMS sensors installed and chrome lug nuts included. Brand new, never installed. Fits Ford F250/F350 Super Duty (1999+, SRW only) — does NOT fit F-150 (6×135mm) or dually configurations. Installation of 37-inch tires typically requires suspension modifications or leveling kits; four-wheel alignment strongly recommended after installation. Free commercial shipping from Sugar Land, TX. Local pickup available. Financing through Snap Finance, Progressive Leasing, and Acima."
